4.5,20150603
4.4.2,20150204
4.4.1,20140925
4.4,20140606
4.3.2,20140221
4.3.1,20130911
4.3,20130605
4.2.2,20130204
4.2.1,20120914
4.2,20120608
4.1.2,20120223
4.1.1,20110912
4.1,20110620
4.0,20100727
3.8.2,20130131
3.8.1,20120914
3.8,20120608
3.7.2,20120208
3.7.1,20110909
3.7,20110613
3.6.2,20110210
3.6.1,20100909
3.6,20100608
3.5.2,20100211
3.5.1,20090917
3.5,20090611
3.4.2,20090211
3.4.1,20080911
3.4,20080617
3.3.2,20080221
3.3.1.1,20071023
3.3.1,20070921
3.3,20070625
3.2.2,20070212
3.2.1,20060921
3.2,20060629
3.1.2,20060118
3.1.1,20050929
3.1,20050627
3.0.2,20050311
3.0.1,20040916
3.0,20040625
2.1.3,20040310
2.1.2,20031103
2.1.1,20030627
2.1,20030327
2.0.2,20021107
2.0.1,20020829
2.0,20020627
1.0,20011107
