bugID,opened_date,status,inheritance,overriding
321278,20100729193700,NEW,NO,NO
321538,20100802170600,RESOLVED,NO,NO
322855,20100816185200,RESOLVED,NO,NO
324060,20100831034700,RESOLVED,NO,NO
324327,20100902120700,RESOLVED,NO,NO
325006,20100910152800,RESOLVED,NO,NO
325300,20100914191800,RESOLVED,NO,NO
326119,20100924032600,RESOLVED,NO,NO
327249,20101007111200,RESOLVED,NO,NO
327432,20101011064100,RESOLVED,NO,NO
328090,20101018235500,RESOLVED,NO,NO
328204,20101020001100,RESOLVED,NO,NO
329528,20101105071700,RESOLVED,NO,NO
330167,20101113071400,RESOLVED,NO,NO
330695,20101119133500,RESOLVED,NO,NO
331515,20101201042000,RESOLVED,NO,NO
332122,20101208081600,RESOLVED,NO,NO
332747,20101216102400,RESOLVED,NO,NO
332760,20101216112800,RESOLVED,NO,NO
333930,20110110200500,RESOLVED,YES,NO
334024,20110111142800,VERIFIED,NO,NO
334159,20110112143000,RESOLVED,NO,NO
334967,20110120200100,RESOLVED,NO,NO
335254,20110124164400,RESOLVED,NO,NO
335790,20110130085400,RESOLVED,YES,NO
336430,20110205184800,RESOLVED,NO,NO
336592,20110208034200,RESOLVED,NO,NO
336683,20110209034200,RESOLVED,NO,NO
336813,20110210081700,RESOLVED,NO,NO
337980,20110223100600,RESOLVED,NO,NO
337999,20110223122600,RESOLVED,NO,NO
338013,20110223142500,RESOLVED,NO,NO
338893,20110304022700,RESOLVED,NO,NO
339474,20110310032900,RESOLVED,NO,NO
339956,20110314190400,RESOLVED,NO,NO
341434,20110330184400,RESOLVED,NO,NO
343544,20110421101300,RESOLVED,NO,NO
343748,20110425124000,RESOLVED,NO,NO
344039,20110427155500,RESOLVED,NO,NO
344100,20110428052600,RESOLVED,NO,NO
344108,20110428065600,RESOLVED,NO,NO
344416,20110502041700,RESOLVED,NO,NO
346046,20110517041100,RESOLVED,NO,NO
346161,20110517170700,RESOLVED,NO,NO
346555,20110519182400,RESOLVED,NO,NO
346672,20110520092100,RESOLVED,NO,NO
346742,20110520130600,RESOLVED,NO,NO
346882,20110523115700,RESOLVED,NO,NO
347365,20110526153100,NEW,NO,NO
347482,20110527121600,RESOLVED,NO,NO
347505,20110527154100,RESOLVED,NO,NO
347517,20110527164400,RESOLVED,NO,NO
347522,20110527170400,RESOLVED,NO,NO
347872,20110531191600,RESOLVED,NO,NO
347913,20110601075500,RESOLVED,NO,NO
348049,20110602035600,RESOLVED,NO,NO
348083,20110602112400,RESOLVED,NO,NO
348090,20110602113900,RESOLVED,NO,NO
348125,20110602142400,RESOLVED,NO,NO
348237,20110603120300,RESOLVED,NO,NO
348300,20110604104700,RESOLVED,NO,NO
348356,20110605234600,RESOLVED,NO,NO
348404,20110606103300,RESOLVED,NO,NO
348548,20110607083100,RESOLVED,NO,NO
348619,20110607142200,RESOLVED,NO,NO
348901,20110609102400,RESOLVED,NO,NO
348907,20110609103700,RESOLVED,NO,NO
348969,20110609172800,RESOLVED,NO,NO
349473,20110615120500,RESOLVED,NO,NO
349510,20110615191000,RESOLVED,NO,NO
349598,20110616132000,RESOLVED,NO,NO
349619,20110616154500,RESOLVED,NO,NO
349620,20110616154800,RESOLVED,NO,NO
349621,20110616154900,RESOLVED,NO,NO
349633,20110616182000,RESOLVED,NO,NO
349644,20110617014900,RESOLVED,NO,NO
349771,20110619122200,RESOLVED,NO,NO
349828,20110620105400,RESOLVED,NO,NO
349924,20110621060800,RESOLVED,YES,NO
350334,20110624184400,RESOLVED,NO,NO
350385,20110626141500,RESOLVED,NO,NO
350482,20110627142900,RESOLVED,NO,NO
350561,20110628074400,RESOLVED,NO,NO
350610,20110628122200,RESOLVED,NO,NO
350633,20110628162300,NEW,NO,NO
350679,20110629064500,RESOLVED,NO,NO
350931,20110701085600,RESOLVED,NO,NO
350965,20110701153200,RESOLVED,NO,NO
351100,20110704103800,RESOLVED,NO,NO
351461,20110707105600,RESOLVED,NO,NO
352132,20110714122600,RESOLVED,NO,NO
352228,20110715114000,CLOSED,NO,NO
352584,20110720100800,RESOLVED,NO,NO
352915,20110722170700,RESOLVED,NO,NO
352916,20110722170800,RESOLVED,NO,NO
352918,20110722174300,RESOLVED,NO,NO
352919,20110722181900,RESOLVED,NO,NO
352933,20110723113100,RESOLVED,YES,NO
353077,20110726033300,RESOLVED,NO,NO
353222,20110727111600,RESOLVED,NO,NO
353236,20110727133300,NEW,NO,NO
353316,20110728083100,RESOLVED,NO,NO
353367,20110728164400,NEW,NO,NO
353433,20110729121700,RESOLVED,NO,NO
354023,20110805121900,REOPENED,NO,NO
354077,20110806143200,RESOLVED,NO,NO
354179,20110808154100,RESOLVED,NO,NO
354422,20110810142400,RESOLVED,NO,NO
354533,20110811130600,RESOLVED,NO,NO
354570,20110811202200,RESOLVED,NO,NO
354670,20110812155000,RESOLVED,NO,NO
354753,20110815143700,RESOLVED,NO,NO
354873,20110816141200,RESOLVED,NO,NO
354879,20110816150000,RESOLVED,NO,NO
354977,20110817120200,RESOLVED,NO,NO
354984,20110817130500,RESOLVED,NO,NO
354987,20110817133400,RESOLVED,NO,NO
355004,20110817152900,RESOLVED,NO,NO
355015,20110817174400,NEW,NO,NO
355057,20110818070800,RESOLVED,YES,NO
355059,20110818072300,VERIFIED,NO,NO
355068,20110818083000,RESOLVED,NO,NO
355096,20110818110800,RESOLVED,NO,NO
355098,20110818111600,RESOLVED,NO,NO
355179,20110818195600,RESOLVED,NO,NO
355245,20110819130800,RESOLVED,NO,NO
355436,20110822161900,RESOLVED,NO,NO
355444,20110822173600,RESOLVED,NO,NO
355525,20110823111000,RESOLVED,NO,NO
355532,20110823115500,RESOLVED,NO,NO
355557,20110823150000,RESOLVED,NO,NO
355713,20110824104700,RESOLVED,NO,NO
355737,20110824121000,RESOLVED,NO,NO
355842,20110825101300,RESOLVED,NO,NO
355863,20110825113500,RESOLVED,NO,NO
355864,20110825113600,RESOLVED,NO,NO
355927,20110826052900,RESOLVED,NO,NO
355930,20110826062500,RESOLVED,NO,NO
355963,20110826111800,RESOLVED,NO,NO
355975,20110826153300,RESOLVED,NO,NO
355977,20110826154000,RESOLVED,NO,NO
355990,20110826190100,RESOLVED,NO,NO
356006,20110827134700,RESOLVED,NO,NO
356009,20110827161400,RESOLVED,YES,NO
356112,20110829145600,RESOLVED,NO,NO
356253,20110830170800,RESOLVED,NO,NO
356283,20110831033800,RESOLVED,NO,NO
356326,20110831093100,RESOLVED,NO,NO
356330,20110831094500,RESOLVED,NO,NO
356332,20110831095500,RESOLVED,NO,NO
356334,20110831100800,RESOLVED,NO,NO
356338,20110831101800,RESOLVED,NO,NO
356344,20110831103600,RESOLVED,NO,NO
356348,20110831105200,RESOLVED,NO,NO
356351,20110831105900,RESOLVED,NO,NO
356376,20110831135800,RESOLVED,NO,NO
356397,20110831153700,RESOLVED,NO,NO
356642,20110902165500,RESOLVED,NO,NO
356786,20110906054900,RESOLVED,NO,NO
356788,20110906055300,RESOLVED,NO,NO
356790,20110906055700,RESOLVED,NO,NO
356855,20110906160700,RESOLVED,NO,NO
356857,20110906161700,NEW,NO,NO
356914,20110907071200,RESOLVED,NO,NO
356958,20110907115000,RESOLVED,NO,NO
356960,20110907115600,RESOLVED,NO,NO
357052,20110908055000,RESOLVED,NO,NO
357205,20110909051700,RESOLVED,NO,NO
357218,20110909075400,RESOLVED,NO,NO
357294,20110909192900,RESOLVED,NO,NO
357299,20110909214300,RESOLVED,NO,NO
357310,20110910144200,RESOLVED,NO,NO
357366,20110912080600,RESOLVED,NO,NO
357524,20110913132700,RESOLVED,NO,NO
357541,20110913145600,RESOLVED,NO,NO
357544,20110913150400,RESOLVED,NO,NO
357818,20110915102400,RESOLVED,NO,NO
358004,20110917134100,RESOLVED,NO,NO
358468,20110921133400,RESOLVED,NO,NO
358554,20110922054400,NEW,NO,NO
358562,20110922074800,RESOLVED,NO,NO
358563,20110922075300,RESOLVED,NO,NO
358575,20110922085200,RESOLVED,NO,NO
358580,20110922090500,RESOLVED,NO,NO
358582,20110922091900,RESOLVED,NO,NO
358583,20110922092100,RESOLVED,NO,NO
358600,20110922102600,RESOLVED,NO,NO
358631,20110922134500,RESOLVED,NO,NO
358634,20110922135600,RESOLVED,NO,NO
358635,20110922135800,RESOLVED,NO,NO
358637,20110922140100,RESOLVED,NO,NO
358657,20110922160600,RESOLVED,NO,NO
358671,20110922173700,CLOSED,NO,NO
358682,20110922225900,RESOLVED,NO,NO
358760,20110923143900,RESOLVED,NO,NO
358786,20110923182900,RESOLVED,NO,NO
358943,20110926134600,RESOLVED,NO,NO
359084,20110927104700,RESOLVED,NO,NO
359119,20110927132700,RESOLVED,NO,NO
359232,20110928093200,RESOLVED,NO,NO
359236,20110928095100,RESOLVED,NO,NO
359241,20110928101500,RESOLVED,NO,NO
359246,20110928104500,RESOLVED,NO,NO
359280,20110928130700,RESOLVED,NO,NO
359299,20110928155500,RESOLVED,NO,NO
359300,20110928160500,RESOLVED,NO,NO
359312,20110928175700,RESOLVED,NO,NO
359317,20110928185900,RESOLVED,NO,NO
359318,20110928193300,RESOLVED,NO,NO
359321,20110928200400,RESOLVED,NO,NO
359461,20110929135400,NEW,NO,NO
359463,20110929135500,RESOLVED,NO,NO
359467,20110929144900,RESOLVED,NO,NO
359470,20110929151600,RESOLVED,NO,NO
359471,20110929152900,RESOLVED,NO,NO
359516,20110930022600,RESOLVED,NO,NO
359518,20110930023200,RESOLVED,NO,NO
359577,20110930112100,RESOLVED,NO,NO
359591,20110930132200,RESOLVED,NO,NO
359592,20110930132400,RESOLVED,NO,NO
359595,20110930135800,RESOLVED,NO,NO
359618,20110930163900,RESOLVED,NO,NO
359620,20110930164100,RESOLVED,NO,NO
359624,20110930172100,RESOLVED,NO,NO
359629,20110930190300,RESOLVED,NO,NO
359750,20111003143000,RESOLVED,NO,NO
359976,20111005090300,RESOLVED,NO,NO
360055,20111005185300,RESOLVED,NO,NO
360161,20111006154000,RESOLVED,NO,NO
360234,20111007100800,RESOLVED,NO,NO
360252,20111007115600,RESOLVED,NO,NO
360259,20111007131900,RESOLVED,NO,NO
360263,20111007133800,RESOLVED,NO,NO
360330,20111008143000,RESOLVED,NO,NO
360361,20111009104200,RESOLVED,NO,NO
360365,20111009140600,RESOLVED,NO,NO
360442,20111010101000,RESOLVED,NO,NO
360549,20111011103900,RESOLVED,NO,NO
360581,20111011152600,RESOLVED,NO,NO
360584,20111011154100,RESOLVED,NO,NO
360595,20111011174100,RESOLVED,NO,NO
360654,20111012074000,RESOLVED,NO,NO
360734,20111012171600,RESOLVED,NO,NO
360737,20111012172500,RESOLVED,NO,NO
360743,20111012190800,RESOLVED,NO,NO
360780,20111013044500,RESOLVED,NO,NO
360824,20111013093700,RESOLVED,NO,NO
360952,20111014081200,RESOLVED,NO,NO
361014,20111014133800,RESOLVED,NO,NO
361048,20111015081500,RESOLVED,NO,NO
361536,20111020085900,RESOLVED,NO,NO
361636,20111021073900,RESOLVED,NO,NO
361912,20111025075100,RESOLVED,NO,NO
361977,20111025133900,RESOLVED,NO,NO
361979,20111025134200,RESOLVED,NO,NO
361980,20111025134700,RESOLVED,NO,NO
361982,20111025135200,RESOLVED,NO,NO
362009,20111025173400,RESOLVED,NO,NO
362016,20111025194100,RESOLVED,NO,NO
362233,20111027144200,RESOLVED,NO,NO
362259,20111027235100,RESOLVED,NO,NO
362314,20111028101300,RESOLVED,NO,NO
362352,20111028142800,RESOLVED,NO,NO
362525,20111031152400,RESOLVED,NO,NO
362531,20111031170800,RESOLVED,NO,NO
362560,20111101065300,RESOLVED,NO,NO
362712,20111102143700,RESOLVED,NO,NO
362732,20111102181700,RESOLVED,NO,NO
362998,20111106114500,RESOLVED,NO,NO
363380,20111109154400,RESOLVED,NO,NO
363389,20111109163100,RESOLVED,NO,NO
363496,20111110112400,RESOLVED,NO,NO
363838,20111115103900,RESOLVED,NO,NO
363850,20111115121300,CLOSED,NO,NO
364155,20111118091800,RESOLVED,NO,NO
364162,20111118095100,RESOLVED,NO,NO
364164,20111118095600,RESOLVED,NO,NO
364240,20111120104700,RESOLVED,NO,NO
364381,20111121114800,RESOLVED,NO,NO
364423,20111121171200,RESOLVED,NO,NO
364428,20111121195100,RESOLVED,NO,NO
364478,20111122102400,RESOLVED,NO,NO
364506,20111122140700,RESOLVED,NO,NO
364509,20111122150200,RESOLVED,NO,NO
364511,20111122152300,RESOLVED,NO,NO
364531,20111122215900,RESOLVED,NO,NO
364621,20111123114600,RESOLVED,NO,NO
364632,20111123124600,RESOLVED,NO,NO
364637,20111123134600,RESOLVED,NO,NO
364772,20111124174000,RESOLVED,YES,NO
364776,20111124200200,RESOLVED,NO,NO
364874,20111125170100,RESOLVED,NO,NO
364999,20111128142600,RESOLVED,NO,NO
365033,20111129051600,RESOLVED,NO,NO
365374,20111201184700,RESOLVED,NO,NO
365512,20111203175500,RESOLVED,NO,NO
365879,20111207081500,RESOLVED,NO,NO
365959,20111207153100,RESOLVED,NO,NO
365962,20111207160100,NEW,NO,NO
366019,20111208074800,RESOLVED,NO,NO
366052,20111208104100,RESOLVED,NO,NO
366064,20111208114600,RESOLVED,NO,NO
366111,20111208155100,RESOLVED,NO,NO
366353,20111212011900,RESOLVED,NO,NO
366496,20111213024600,RESOLVED,NO,NO
366629,20111213160200,RESOLVED,NO,NO
366702,20111214093800,RESOLVED,NO,NO
366858,20111215135300,RESOLVED,NO,NO
366863,20111215144400,RESOLVED,NO,NO
367002,20111217062400,RESOLVED,NO,NO
367003,20111217062900,RESOLVED,NO,NO
367006,20111217084400,RESOLVED,NO,NO
367092,20111219110000,RESOLVED,NO,NO
367123,20111219144100,RESOLVED,NO,NO
367134,20111219155500,RESOLVED,NO,NO
367136,20111219155900,RESOLVED,NO,NO
367183,20111220080200,RESOLVED,NO,NO
367185,20111220080800,RESOLVED,NO,NO
367209,20111220110000,RESOLVED,NO,NO
367213,20111220112200,RESOLVED,NO,NO
367215,20111220112600,RESOLVED,NO,NO
367286,20111221053100,RESOLVED,NO,NO
367309,20111221071500,RESOLVED,NO,NO
367320,20111221085600,RESOLVED,NO,NO
367462,20111222164900,RESOLVED,NO,NO
367493,20111223084800,RESOLVED,NO,NO
367525,20111223164100,RESOLVED,NO,NO
367556,20111226122600,RESOLVED,NO,NO
367573,20111227074700,RESOLVED,NO,NO
367633,20111229153200,RESOLVED,NO,NO
367789,20120103144600,RESOLVED,NO,NO
367861,20120104104700,RESOLVED,NO,NO
368295,20120110160000,RESOLVED,NO,NO
368462,20120112110100,RESOLVED,NO,NO
368568,20120113120900,RESOLVED,NO,NO
368607,20120114143800,RESOLVED,NO,NO
368777,20120116162500,RESOLVED,NO,NO
368784,20120116193300,RESOLVED,NO,NO
368830,20120117095800,RESOLVED,NO,NO
368835,20120117103400,RESOLVED,NO,NO
368873,20120117150100,RESOLVED,NO,NO
368912,20120118031800,RESOLVED,NO,NO
369414,20120123113100,RESOLVED,NO,NO
369417,20120123114000,RESOLVED,NO,NO
369421,20120123114700,RESOLVED,NO,NO
369598,20120124160000,RESOLVED,NO,NO
369630,20120125033700,RESOLVED,NO,NO
369697,20120125112600,RESOLVED,NO,NO
369805,20120126091600,NEW,NO,NO
370038,20120128060300,RESOLVED,NO,NO
370283,20120131174000,RESOLVED,NO,NO
370300,20120201030100,RESOLVED,NO,NO
370331,20120201094500,RESOLVED,NO,NO
370420,20120202055000,RESOLVED,NO,NO
370483,20120202141300,RESOLVED,NO,NO
370493,20120202153600,RESOLVED,NO,NO
370504,20120202173500,RESOLVED,NO,NO
370507,20120202182300,RESOLVED,NO,NO
370620,20120203190000,RESOLVED,NO,NO
370646,20120204170100,RESOLVED,NO,NO
370826,20120207092200,RESOLVED,NO,NO
371010,20120208162500,RESOLVED,NO,NO
371017,20120208171800,RESOLVED,NO,NO
371029,20120208195600,RESOLVED,NO,NO
371127,20120209144500,RESOLVED,NO,NO
371154,20120209180000,RESOLVED,NO,NO
371323,20120212065000,RESOLVED,NO,NO
371599,20120215055300,RESOLVED,YES,NO
371747,20120216090400,RESOLVED,NO,NO
371771,20120216101900,RESOLVED,NO,NO
371872,20120217063400,RESOLVED,NO,NO
371955,20120217203600,RESOLVED,NO,NO
371984,20120218171200,RESOLVED,NO,NO
372028,20120220093400,RESOLVED,NO,NO
372068,20120220153100,RESOLVED,NO,NO
372169,20120221164100,RESOLVED,NO,NO
372237,20120222093800,RESOLVED,NO,NO
372298,20120222175800,RESOLVED,NO,NO
372360,20120223105800,RESOLVED,NO,NO
372384,20120223135700,RESOLVED,NO,NO
372432,20120223174800,RESOLVED,NO,NO
372553,20120224175900,RESOLVED,NO,NO
372579,20120225135000,RESOLVED,NO,NO
372591,20120226070700,RESOLVED,NO,NO
372596,20120226090200,RESOLVED,NO,NO
372600,20120226103500,ASSIGNED,NO,NO
372663,20120227122200,RESOLVED,NO,NO
372725,20120228072500,RESOLVED,NO,NO
372804,20120228170200,RESOLVED,NO,NO
372811,20120228221100,RESOLVED,NO,NO
372837,20120229070400,RESOLVED,NO,NO
372838,20120229070600,RESOLVED,NO,NO
372839,20120229070800,RESOLVED,NO,NO
372887,20120229131300,RESOLVED,NO,NO
372971,20120301084500,RESOLVED,NO,NO
373024,20120301164600,RESOLVED,NO,NO
373052,20120302043900,CLOSED,NO,NO
373098,20120302091500,RESOLVED,NO,NO
373165,20120302183800,RESOLVED,NO,NO
373167,20120302191800,RESOLVED,NO,NO
373178,20120303072300,RESOLVED,NO,NO
373186,20120303140700,RESOLVED,NO,NO
373197,20120304041800,RESOLVED,NO,NO
373275,20120305131900,RESOLVED,NO,NO
373279,20120305132400,RESOLVED,NO,NO
373296,20120305180200,RESOLVED,NO,NO
373327,20120306033100,CLOSED,NO,NO
373328,20120306033200,CLOSED,NO,NO
373474,20120307031300,RESOLVED,NO,NO
373483,20120307042300,RESOLVED,NO,NO
373497,20120307055300,RESOLVED,NO,NO
373557,20120307120100,RESOLVED,NO,NO
373590,20120307162400,RESOLVED,NO,NO
373606,20120307194700,RESOLVED,NO,NO
373703,20120308161100,RESOLVED,NO,NO
373851,20120309174500,RESOLVED,NO,NO
373877,20120310160000,RESOLVED,NO,NO
374019,20120312192700,RESOLVED,NO,NO
374047,20120313060000,RESOLVED,NO,NO
374187,20120314055500,CLOSED,NO,NO
374458,20120316023100,RESOLVED,NO,NO
374506,20120316104500,RESOLVED,NO,NO
374629,20120319060800,RESOLVED,NO,NO
374673,20120319124500,RESOLVED,NO,NO
374705,20120319174700,CLOSED,NO,NO
374729,20120320040600,RESOLVED,NO,NO
374760,20120320102300,RESOLVED,NO,NO
374766,20120320103900,RESOLVED,NO,NO
374776,20120320112600,RESOLVED,NO,NO
374783,20120320115100,RESOLVED,NO,NO
374843,20120320200300,RESOLVED,NO,NO
375076,20120322114400,RESOLVED,NO,NO
375097,20120322134400,RESOLVED,NO,NO
375099,20120322135500,RESOLVED,NO,NO
375116,20120322165400,RESOLVED,NO,NO
375181,20120323094500,RESOLVED,NO,NO
375208,20120323151200,RESOLVED,NO,NO
375224,20120323191200,RESOLVED,NO,NO
375360,20120326160200,RESOLVED,NO,NO
375363,20120326165700,RESOLVED,NO,NO
375372,20120326210800,RESOLVED,NO,NO
375454,20120327140300,RESOLVED,NO,NO
375639,20120329110600,CLOSED,NO,NO
375795,20120401130900,CLOSED,NO,NO
375855,20120402121800,RESOLVED,NO,NO
375908,20120403014600,VERIFIED,NO,NO
376191,20120405111900,RESOLVED,NO,NO
376192,20120405112100,RESOLVED,NO,NO
376271,20120406211300,RESOLVED,NO,NO
376298,20120408114400,CLOSED,NO,NO
376308,20120409014900,RESOLVED,NO,NO
376312,20120409055400,CLOSED,NO,NO
376352,20120409152500,RESOLVED,NO,NO
376370,20120409211300,RESOLVED,NO,NO
376468,20120411051500,CLOSED,NO,NO
376668,20120412181400,RESOLVED,NO,NO
376678,20120412234300,RESOLVED,NO,NO
376680,20120413002600,RESOLVED,NO,NO
376682,20120413005500,RESOLVED,NO,NO
376916,20120416162900,RESOLVED,NO,NO
376922,20120416201100,CLOSED,NO,NO
376939,20120417033500,RESOLVED,NO,NO
377081,20120418082300,RESOLVED,NO,NO
377705,20120425172900,CLOSED,NO,NO
377839,20120426200000,RESOLVED,NO,NO
378003,20120428110200,RESOLVED,NO,NO
378026,20120429040500,CLOSED,NO,NO
378031,20120429100000,RESOLVED,NO,NO
378070,20120430081600,RESOLVED,NO,NO
378101,20120430135400,RESOLVED,NO,NO
378214,20120502042600,CLOSED,NO,NO
378230,20120502073200,RESOLVED,NO,NO
378399,20120503141600,RESOLVED,NO,NO
378416,20120503170000,CLOSED,NO,NO
378473,20120504071000,CLOSED,NO,NO
378474,20120504071300,RESOLVED,NO,NO
378709,20120507132100,RESOLVED,NO,NO
378800,20120508045200,CLOSED,NO,NO
378855,20120508110200,RESOLVED,NO,NO
378947,20120509054100,RESOLVED,NO,NO
378970,20120509081300,RESOLVED,NO,NO
379052,20120509164900,CLOSED,NO,NO
379334,20120512140300,CLOSED,NO,NO
379496,20120515031900,RESOLVED,NO,NO
379582,20120515124400,RESOLVED,NO,NO
379619,20120515214700,RESOLVED,NO,NO
379783,20120517021800,RESOLVED,NO,NO
379844,20120517154900,CLOSED,NO,NO
380016,20120518160800,CLOSED,NO,NO
380052,20120519114900,RESOLVED,NO,NO
380104,20120521025000,CLOSED,NO,NO
380324,20120522154600,RESOLVED,NO,NO
380389,20120523085900,RESOLVED,NO,NO
380390,20120523090200,NEW,NO,NO
380401,20120523093900,RESOLVED,NO,NO
380584,20120524161300,VERIFIED,NO,NO
380588,20120524162800,RESOLVED,NO,NO
380729,20120525162600,RESOLVED,NO,NO
380773,20120527120600,RESOLVED,NO,NO
380843,20120528170200,RESOLVED,NO,NO
380876,20120529063700,RESOLVED,NO,NO
381036,20120530085700,RESOLVED,NO,NO
381265,20120531155800,RESOLVED,NO,NO
381359,20120601082000,RESOLVED,NO,NO
381506,20120603171300,RESOLVED,NO,NO
381543,20120604054400,RESOLVED,NO,NO
381550,20120604065500,RESOLVED,NO,NO
381561,20120604075000,RESOLVED,NO,NO
381564,20120604082100,RESOLVED,NO,NO
381569,20120604094300,CLOSED,NO,NO
381625,20120604150400,CLOSED,NO,NO
381629,20120604153300,CLOSED,NO,NO
381902,20120606142500,RESOLVED,NO,NO
381912,20120606155800,RESOLVED,NO,NO
382115,20120608111500,RESOLVED,NO,NO
382164,20120609063300,RESOLVED,NO,NO
382173,20120609133800,RESOLVED,NO,NO
382194,20120610161400,RESOLVED,NO,NO
382415,20120612142000,RESOLVED,NO,NO
382767,20120615145300,RESOLVED,NO,NO
382788,20120616082700,RESOLVED,NO,NO
382796,20120617022000,RESOLVED,NO,NO
382908,20120618175100,RESOLVED,NO,NO
382909,20120618175400,RESOLVED,NO,NO
382911,20120618180900,RESOLVED,NO,NO
382952,20120619074900,RESOLVED,NO,NO
383012,20120619132400,VERIFIED,NO,NO
383013,20120619132800,NEW,NO,NO
383026,20120619171800,VERIFIED,NO,NO
383148,20120620151600,RESOLVED,NO,NO
383287,20120622034600,RESOLVED,NO,NO
383316,20120622100700,RESOLVED,NO,NO
383317,20120622100700,RESOLVED,NO,NO
383359,20120622185400,RESOLVED,NO,NO
383400,20120625035000,RESOLVED,NO,NO
383592,20120626184200,RESOLVED,NO,NO
383766,20120628063900,RESOLVED,NO,NO
383907,20120629094900,RESOLVED,NO,NO
383911,20120629103600,RESOLVED,NO,NO
383987,20120701101200,VERIFIED,NO,NO
384043,20120702093800,RESOLVED,NO,NO
384069,20120702130000,RESOLVED,NO,NO
384251,20120704064700,RESOLVED,NO,NO
384255,20120704072000,RESOLVED,NO,NO
384269,20120704092200,RESOLVED,NO,NO
384365,20120705095500,RESOLVED,NO,NO
384633,20120709131500,RESOLVED,NO,NO
384685,20120710023500,RESOLVED,NO,NO
385068,20120713113800,RESOLVED,NO,NO
385127,20120715170700,RESOLVED,NO,NO
385235,20120716160000,RESOLVED,NO,NO
385332,20120717132500,RESOLVED,NO,NO
385594,20120720091700,RESOLVED,NO,NO
385632,20120720133600,RESOLVED,NO,NO
385713,20120723070400,RESOLVED,NO,NO
385727,20120723092100,RESOLVED,NO,NO
385796,20120723175000,RESOLVED,NO,NO
385908,20120725024400,RESOLVED,NO,NO
386117,20120727074200,RESOLVED,NO,NO
386143,20120727111900,RESOLVED,NO,NO
386204,20120729140800,RESOLVED,NO,NO
386227,20120730062700,RESOLVED,NO,NO
386344,20120731125800,RESOLVED,NO,NO
386533,20120803022200,RESOLVED,NO,NO
386535,20120803022800,RESOLVED,NO,NO
386548,20120803050200,RESOLVED,NO,NO
386705,20120806155200,RESOLVED,NO,NO
386764,20120807124400,RESOLVED,NO,NO
386920,20120809075500,RESOLVED,NO,NO
386966,20120809164100,VERIFIED,NO,NO
387156,20120813182000,RESOLVED,NO,NO
387492,20120817114500,RESOLVED,NO,NO
387710,20120821112500,RESOLVED,NO,NO
387836,20120822172500,RESOLVED,NO,NO
388222,20120828091600,RESOLVED,NO,NO
388255,20120828132800,RESOLVED,NO,NO
388569,20120831134000,RESOLVED,NO,NO
388897,20120905212800,RESOLVED,NO,NO
388901,20120905232400,RESOLVED,NO,NO
388998,20120906162900,RESOLVED,NO,NO
389032,20120907060900,RESOLVED,NO,NO
389102,20120907190800,RESOLVED,NO,NO
389103,20120907220700,RESOLVED,NO,NO
389130,20120909185200,RESOLVED,NO,NO
389143,20120910050700,RESOLVED,NO,NO
389347,20120911180800,RESOLVED,NO,NO
389570,20120913223800,VERIFIED,NO,NO
389612,20120914102500,RESOLVED,NO,NO
389674,20120916054400,RESOLVED,NO,NO
389812,20120918083900,RESOLVED,NO,NO
389842,20120918162800,RESOLVED,NO,NO
389946,20120919160900,RESOLVED,NO,NO
389996,20120920070400,RESOLVED,NO,NO
390081,20120921051600,RESOLVED,NO,NO
390374,20120925140200,CLOSED,NO,NO
390738,20120928185000,RESOLVED,NO,NO
390767,20120930075000,RESOLVED,NO,NO
391068,20121003162100,RESOLVED,NO,NO
391121,20121004095300,RESOLVED,NO,NO
391137,20121004114800,RESOLVED,NO,NO
391260,20121005143000,RESOLVED,NO,NO
391558,20121010102400,RESOLVED,NO,NO
391723,20121011171800,RESOLVED,NO,NO
391753,20121012060000,RESOLVED,NO,NO
391841,20121012183000,RESOLVED,NO,NO
391850,20121013073300,RESOLVED,NO,NO
391953,20121015122900,NEW,NO,NO
392100,20121016133300,RESOLVED,NO,NO
392346,20121018110700,RESOLVED,NO,NO
392678,20121023140500,RESOLVED,NO,NO
392679,20121023140600,RESOLVED,NO,NO
392682,20121023143800,RESOLVED,NO,NO
392688,20121023153100,RESOLVED,NO,NO
392923,20121026110400,RESOLVED,NO,NO
393141,20121030084900,RESOLVED,NO,NO
393482,20121103070200,RESOLVED,NO,NO
393488,20121103094900,RESOLVED,NO,NO
393493,20121103125700,RESOLVED,NO,NO
393617,20121105183200,CLOSED,NO,NO
393640,20121106051000,RESOLVED,NO,NO
393798,20121107131600,RESOLVED,NO,NO
393824,20121107174900,RESOLVED,NO,NO
393909,20121108130600,RESOLVED,NO,NO
394020,20121109191200,RESOLVED,NO,NO
394051,20121111101800,RESOLVED,NO,NO
394052,20121111102300,RESOLVED,NO,NO
394053,20121111102700,RESOLVED,NO,NO
394346,20121114183300,VERIFIED,NO,NO
394850,20121121190900,RESOLVED,NO,NO
394925,20121122132000,RESOLVED,NO,NO
395029,20121125143400,RESOLVED,NO,NO
395059,20121126070500,RESOLVED,NO,NO
395095,20121126124200,RESOLVED,NO,NO
395497,20121130123800,RESOLVED,NO,NO
395851,20121205141900,RESOLVED,NO,NO
395998,20121206173100,RESOLVED,NO,NO
396006,20121206194700,RESOLVED,NO,NO
396135,20121208173700,VERIFIED,NO,NO
396146,20121209155100,RESOLVED,NO,NO
396332,20121211161700,RESOLVED,NO,NO
396545,20121213154600,RESOLVED,NO,NO
396666,20121215132700,VERIFIED,NO,NO
396740,20121217072500,CLOSED,NO,NO
396760,20121217100300,RESOLVED,NO,NO
397041,20121220191700,RESOLVED,NO,NO
397252,20121230102000,RESOLVED,NO,NO
397310,20130102083100,VERIFIED,NO,NO
397620,20130107153500,RESOLVED,NO,NO
398080,20130114091900,RESOLVED,NO,NO
398100,20130114110400,NEW,NO,NO
398103,20130114112300,RESOLVED,NO,NO
398214,20130115124600,RESOLVED,NO,NO
398239,20130115165000,RESOLVED,NO,NO
398263,20130115230000,CLOSED,NO,NO
398472,20130118034600,CLOSED,NO,NO
398538,20130118150300,RESOLVED,NO,NO
398835,20130122143500,ASSIGNED,NO,NO
399302,20130128144200,RESOLVED,NO,NO
399434,20130129144200,RESOLVED,NO,NO
399444,20130129171300,NEW,NO,NO
399656,20130131113500,RESOLVED,NO,NO
399685,20130131170100,RESOLVED,NO,NO
399691,20130131180900,RESOLVED,NO,NO
399699,20130131194800,RESOLVED,NO,NO
399803,20130203070600,RESOLVED,NO,NO
399927,20130204150300,RESOLVED,NO,NO
400165,20130206210600,RESOLVED,NO,NO
400167,20130206211800,RESOLVED,NO,NO
400168,20130206212000,RESOLVED,NO,NO
400266,20130207155400,RESOLVED,NO,NO
400270,20130207174500,RESOLVED,NO,NO
400278,20130207193400,RESOLVED,NO,NO
400356,20130208133400,RESOLVED,NO,NO
400370,20130208165800,RESOLVED,NO,NO
400396,20130210100200,RESOLVED,NO,NO
400621,20130212145300,RESOLVED,NO,NO
401355,20130220142800,RESOLVED,NO,NO
401911,20130227101900,RESOLVED,NO,NO
402059,20130228152300,RESOLVED,NO,NO
402082,20130228231600,RESOLVED,NO,NO
402431,20130305082400,RESOLVED,NO,NO
402465,20130305132500,RESOLVED,NO,NO
402682,20130307130600,RESOLVED,NO,NO
402792,20130308170600,RESOLVED,NO,NO
402882,20130311070900,RESOLVED,NO,NO
403024,20130312070900,RESOLVED,NO,NO
403094,20130312133500,RESOLVED,NO,NO
403389,20130314162100,RESOLVED,NO,NO
403393,20130314163800,RESOLVED,NO,NO
403504,20130315130800,RESOLVED,NO,NO
403507,20130315133400,RESOLVED,NO,NO
403527,20130315181600,RESOLVED,NO,NO
403528,20130315182100,RESOLVED,NO,NO
403531,20130315191700,RESOLVED,NO,NO
403571,20130317114500,RESOLVED,NO,NO
404095,20130321183500,RESOLVED,NO,NO
404096,20130321190500,RESOLVED,NO,NO
404214,20130323141100,RESOLVED,NO,NO
404275,20130325111700,VERIFIED,NO,NO
404315,20130325170000,RESOLVED,NO,NO
404711,20130402063900,RESOLVED,NO,NO
404761,20130402173500,RESOLVED,NO,NO
404857,20130403180100,RESOLVED,NO,NO
404858,20130403181400,RESOLVED,NO,NO
404860,20130403192000,RESOLVED,NO,NO
404933,20130404145100,RESOLVED,NO,NO
404949,20130404162800,RESOLVED,NO,NO
404953,20130404165400,RESOLVED,NO,NO
405097,20130407033800,RESOLVED,NO,NO
405136,20130408055000,RESOLVED,NO,NO
405138,20130408060300,RESOLVED,NO,NO
405650,20130412170000,RESOLVED,NO,NO
405656,20130412175200,RESOLVED,NO,NO
405782,20130416075100,RESOLVED,NO,NO
405912,20130417151200,RESOLVED,NO,NO
406028,20130418154200,RESOLVED,NO,NO
406235,20130422131300,RESOLVED,NO,NO
406248,20130422150200,RESOLVED,NO,NO
406256,20130422164100,RESOLVED,NO,NO
406383,20130423205000,RESOLVED,NO,NO
406470,20130424132200,RESOLVED,NO,NO
406606,20130425145700,RESOLVED,NO,NO
406647,20130426074300,RESOLVED,NO,NO
406693,20130426133100,RESOLVED,NO,NO
406695,20130426135900,REOPENED,NO,NO
406704,20130426170500,RESOLVED,NO,NO
406715,20130426194100,RESOLVED,NO,NO
406724,20130427071100,RESOLVED,NO,NO
406727,20130427085100,RESOLVED,NO,NO
406728,20130427085400,RESOLVED,NO,NO
406729,20130427085500,RESOLVED,NO,NO
406741,20130427203700,RESOLVED,NO,NO
406751,20130428140300,RESOLVED,NO,NO
406848,20130429183400,RESOLVED,NO,NO
406934,20130430124500,RESOLVED,NO,NO
406943,20130430143000,RESOLVED,NO,NO
406959,20130430170000,RESOLVED,NO,NO
407442,20130507125600,RESOLVED,NO,NO
407445,20130507130200,RESOLVED,NO,NO
407556,20130508121100,RESOLVED,NO,NO
407649,20130509100000,RESOLVED,NO,NO
407816,20130512091800,RESOLVED,NO,NO
407825,20130512132500,RESOLVED,NO,NO
408044,20130514125900,RESOLVED,NO,NO
408361,20130517132700,RESOLVED,NO,NO
408511,20130520135100,RESOLVED,YES,NO
408535,20130521031700,NEW,NO,NO
408737,20130522150000,RESOLVED,NO,NO
408767,20130522203300,RESOLVED,NO,NO
409041,20130524172700,RESOLVED,NO,NO
409087,20130526122600,RESOLVED,NO,NO
409201,20130527150700,RESOLVED,NO,NO
409343,20130528171900,RESOLVED,NO,NO
409427,20130529160200,RESOLVED,NO,NO
409546,20130530223500,CLOSED,NO,NO
409606,20130531120200,RESOLVED,NO,NO
409632,20130531160200,RESOLVED,NO,NO
409634,20130531164500,RESOLVED,NO,NO
409682,20130602174600,RESOLVED,NO,NO
409726,20130603093400,RESOLVED,NO,NO
409758,20130603124000,RESOLVED,NO,NO
409767,20130603134700,RESOLVED,NO,NO
409935,20130605052000,RESOLVED,NO,NO
410013,20130605222300,RESOLVED,NO,NO
410062,20130606082000,RESOLVED,NO,NO
410141,20130607040600,RESOLVED,NO,NO
410279,20130609023500,RESOLVED,NO,NO
410397,20130610193700,RESOLVED,NO,NO
410398,20130610195200,RESOLVED,NO,NO
410399,20130610200400,RESOLVED,NO,NO
410400,20130610202400,RESOLVED,NO,NO
410404,20130611001600,RESOLVED,NO,NO
410448,20130611070500,RESOLVED,NO,NO
410463,20130611084000,RESOLVED,NO,NO
410486,20130611103100,RESOLVED,NO,NO
410515,20130611134500,RESOLVED,NO,NO
410534,20130611161600,RESOLVED,NO,NO
410541,20130611171900,RESOLVED,NO,NO
410580,20130612070000,REOPENED,NO,NO
410597,20130612093400,REOPENED,NO,NO
410655,20130612153200,RESOLVED,NO,NO
410673,20130612200100,RESOLVED,NO,NO
410675,20130612202900,RESOLVED,NO,NO
410754,20130613133500,RESOLVED,NO,NO
410934,20130617114600,RESOLVED,NO,NO
411038,20130618114200,RESOLVED,NO,NO
411052,20130618141500,NEW,YES,NO
411142,20130619115700,RESOLVED,NO,NO
411198,20130619210700,RESOLVED,NO,NO
411320,20130620174500,RESOLVED,NO,NO
411420,20130621173000,RESOLVED,NO,NO
411422,20130621183800,RESOLVED,NO,NO
411473,20130624053600,RESOLVED,NO,NO
411475,20130624062400,RESOLVED,NO,NO
411548,20130624193100,RESOLVED,NO,NO
411629,20130625135600,RESOLVED,NO,NO
411633,20130625141200,RESOLVED,NO,NO
411708,20130626125800,RESOLVED,NO,NO
411929,20130629032800,RESOLVED,NO,NO
412294,20130704070000,RESOLVED,NO,NO
412332,20130704130800,RESOLVED,NO,NO
412343,20130704153700,RESOLVED,NO,NO
412394,20130705073400,RESOLVED,NO,NO
412496,20130708065100,RESOLVED,NO,NO
412620,20130709151900,RESOLVED,NO,NO
412707,20130710153700,RESOLVED,NO,NO
412743,20130711064200,RESOLVED,NO,NO
412856,20130712093300,RESOLVED,NO,NO
412872,20130712113800,RESOLVED,NO,NO
412873,20130712121300,RESOLVED,NO,NO
412890,20130712175200,RESOLVED,NO,NO
412953,20130715072900,RESOLVED,NO,NO
413124,20130716183800,RESOLVED,NO,NO
413181,20130717120900,RESOLVED,NO,NO
413191,20130717141400,RESOLVED,NO,NO
413480,20130722175600,RESOLVED,NO,NO
413571,20130723153800,RESOLVED,NO,NO
413584,20130723193300,RESOLVED,NO,NO
413630,20130724083700,RESOLVED,NO,NO
413924,20130729100700,RESOLVED,NO,NO
413957,20130729200500,RESOLVED,NO,NO
414078,20130730203400,RESOLVED,NO,NO
414116,20130731071400,RESOLVED,NO,NO
414219,20130801113500,RESOLVED,NO,NO
414311,20130802105800,RESOLVED,NO,NO
414316,20130802110600,RESOLVED,NO,NO
414360,20130803094000,ASSIGNED,NO,NO
414461,20130806032800,NEW,NO,NO
414597,20130807122700,RESOLVED,NO,NO
414647,20130808050500,RESOLVED,NO,NO
414799,20130809164000,RESOLVED,NO,NO
414800,20130809174000,RESOLVED,NO,NO
414837,20130811235500,RESOLVED,NO,NO
414963,20130813084400,RESOLVED,NO,NO
415013,20130813212500,RESOLVED,YES,NO
415079,20130814115300,RESOLVED,NO,NO
415101,20130814153300,RESOLVED,NO,NO
415140,20130815072700,RESOLVED,NO,NO
415263,20130816165400,RESOLVED,NO,NO
415278,20130817052900,RESOLVED,NO,NO
415788,20130823143500,RESOLVED,NO,NO
415893,20130826125900,RESOLVED,NO,NO
415910,20130826151800,RESOLVED,NO,NO
416581,20130904191300,RESOLVED,NO,NO
416743,20130906112500,RESOLVED,NO,NO
417043,20130911173000,VERIFIED,NO,NO
417083,20130912090000,RESOLVED,NO,NO
417262,20130914110900,RESOLVED,NO,NO
417481,20130918040200,RESOLVED,NO,NO
417809,20130923073400,RESOLVED,NO,NO
418054,20130925153900,RESOLVED,NO,NO
418134,20130926161900,NEW,NO,NO
418736,20131005100700,RESOLVED,NO,NO
418758,20131006023400,RESOLVED,NO,NO
418759,20131006023600,RESOLVED,NO,NO
418845,20131007131100,RESOLVED,NO,NO
418853,20131007142600,RESOLVED,NO,NO
419028,20131009093300,RESOLVED,NO,NO
419164,20131010122500,RESOLVED,NO,NO
419179,20131010153000,RESOLVED,NO,NO
419190,20131010191100,RESOLVED,NO,NO
419413,20131015002000,RESOLVED,NO,NO
419590,20131016091300,RESOLVED,NO,NO
419621,20131016135900,RESOLVED,NO,NO
419700,20131017082700,RESOLVED,NO,NO
419825,20131018060900,RESOLVED,NO,NO
420006,20131021132400,RESOLVED,NO,NO
420019,20131021150700,RESOLVED,NO,NO
420109,20131022144900,RESOLVED,NO,NO
420165,20131023081100,RESOLVED,NO,NO
420326,20131024154800,RESOLVED,NO,NO
420371,20131025082000,RESOLVED,NO,NO
420385,20131025094900,VERIFIED,YES,NO
420401,20131025114600,RESOLVED,NO,NO
420490,20131028072500,RESOLVED,NO,NO
420513,20131028111400,RESOLVED,NO,NO
420877,20131101104700,RESOLVED,NO,NO
420946,20131102145800,RESOLVED,NO,NO
421088,20131105115600,NEW,NO,NO
421119,20131105162600,RESOLVED,NO,NO
421342,20131108102300,RESOLVED,NO,NO
421886,20131115211700,RESOLVED,NO,NO
422086,20131119125900,RESOLVED,NO,NO
422179,20131120135700,RESOLVED,NO,NO
422283,20131121135500,RESOLVED,NO,NO
422343,20131122101800,RESOLVED,NO,NO
422421,20131124151200,RESOLVED,NO,NO
422538,20131125201600,RESOLVED,NO,NO
422606,20131126130500,RESOLVED,NO,NO
422714,20131127162300,RESOLVED,NO,NO
432201,20140407185700,RESOLVED,NO,NO
439453,20140711145800,RESOLVED,NO,NO
445557,20140930182600,RESOLVED,NO,NO
457394,20150113191100,RESOLVED,NO,NO
